Picture name;View
Aegean_Airlines_Airbus_A320-200_1.jpg;Meal
Aeroflot_Russian_Airlines_Airbus_330_200_2.jpg;Meal
Aeroflot_Russian_Airlines_Airbus_330_200_4.jpg;Meal
Aeroflot_Russian_Airlines_Airbus_A320_2.jpg;Meal
Aeroflot_Russian_Airlines_Airbus_A320_3.jpg;Meal
Aeroflot_Russian_Airlines_Airbus_A320_4.jpg;Meal
Aer_Lingus_Airbus_A321_1.jpg;Meal
Aer_Lingus_Airbus_A330-300_A_1.jpg;Meal
Aer_Lingus_Airbus_A330-300_A_2.jpg;Meal
AirAsia_X_Airbus_A330-300_0.jpg;Meal
AirAsia_X_Airbus_A330-300_1.jpg;Meal
Air_Canada_Boeing_767-300ER_v2_0.jpg;Meal
Air_Canada_Boeing_767-300ER_v2_3.jpg;Meal
Air_Canada_CRJ_900_0.jpg;Meal
Air_China_Airbus_A320_0.jpg;Meal
Air_China_Boeing_777-300ER_0.jpg;Meal
Air_China_Boeing_777-300ER_4.jpg;Meal
Air_France_Airbus_A319_Europe_0.jpg;Meal
Air_France_Airbus_A340-300_International_Long_Haul_0.jpg;Meal
Air_France_Airbus_A340-300_International_Long_Haul_3.jpg;Meal
Air_France_Airbus_A340-300_International_Long_Haul_4.jpg;Meal
Air_France_Airbus_A380_V2_2.jpg;Meal
Air_France_Airbus_A380_V2_3.jpg;Meal
Air_France_Airbus_A380_V2_4.jpg;Meal
Air_France_Boeing_777-200_B_3.jpg;Meal
Air_France_Boeing_777-200_C_3.jpg;Meal
Air_France_CRJ-1000_2.jpg;Meal
Air_India_Boeing_777-300ER_4.jpg;Meal
Air_Tahiti_Nui_Airbus_A340-300_0.jpg;Meal
Air_Tahiti_Nui_Airbus_A340-300_1.jpg;Meal
Air_Transat_Airbus_A330-200_V2_0.jpg;Meal
Alitalia_Airlines_Airbus_A320_4.jpg;Meal
Alitalia_Airlines_Airbus_A320_B_new_0.jpg;Meal
Alitalia_Airlines_Airbus_A320_B_new_4.jpg;Meal
Alitalia_Airlines_Airbus_A330_200_2.jpg;Meal
Alitalia_Airlines_Airbus_A330_200_3.jpg;Meal
American_Airlines_Airbus_A330_300_2.jpg;Meal
ANA_Boeing_737-800_B_0.jpg;Meal
ANA_Boeing_767-300ER_A_3.jpg;Meal
ANA_Boeing_777-200ER_B_0.jpg;Meal
ANA_Boeing_777-300ER_D_0.jpg;Meal
ANA_Boeing_787-800_C_0.jpg;Meal
Asiana_Boeing_777-200_ER_D_1.jpg;Meal
Asiana_Boeing_777-200_ER_D_3.jpg;Meal
Austrian_Airlines_Airbus_A320_2.jpg;Meal
Avianca_Airbus_A319-100_1.jpg;Meal
Avianca_Airbus_A320-200_2.jpg;Meal
Bangkok_Airways_Airbus_A320_3.jpg;Meal
British_Airways_Airbus_A318_0.jpg;Meal
British_Airways_Boeing_747-400_B_3.jpg;Meal
British_Airways_Boeing_747-400_B_4.jpg;Meal
British_Airways_Boeing_777-200B_2_4.jpg;Meal
British_Airways_Boeing_787-8_3.jpg;Meal
British_Airways_Boeing_787-9_4.jpg;Meal
Cathay_Pacific_Airways_Boeing_777-300ER_C_0.jpg;Meal
Cathay_Pacific_Airways_Boeing_777-300ER_C_1.jpg;Meal
Cathay_Pacific_Airways_Boeing_777-300ER_C_3.jpg;Meal
Cathay_Pacific_Airways_Boeing_777-300_B_4.jpg;Meal
China_Airlines_Boeing_777-300ER_0.jpg;Meal
China_Airlines_Boeing_777-300ER_1.jpg;Meal
China_Airlines_Boeing_777-300ER_2.jpg;Meal
China_Airlines_Boeing_777-300ER_4.jpg;Meal
China_Eastern_Airbus_A330-200_V2_3.jpg;Meal
China_Southern_Boeing_787_4.jpg;Meal
Condor_Flugdienst_Boeing_767-300ER_V2_4.jpg;Meal
Delta_Airlines_Boeing_767-300ER_76L_new_0.jpg;Meal
Delta_Airlines_Boeing_767-300ER_C_1.jpg;Meal
Delta_Airlines_MD-88_2_4.jpg;Meal
Edelweiss_Air_A330-300_0.jpg;Meal
Egyptair_Boeing_737-800A_3.jpg;Meal
Egyptair_Boeing_737-800A_4.jpg;Meal
Egyptair_Embraer_E170A_2.jpg;Meal
Egyptair_Embraer_E170A_4.jpg;Meal
Emirates_Airlines_Airbus_A380_1.jpg;Meal
Emirates_Airlines_Airbus_A380_2.jpg;Meal
Emirates_Airlines_Airbus_A380_3.jpg;Meal
Ethiopian_Airlines_Boeing_737-800W_2.jpg;Meal
Etihad_Airways_Airbus_A380_1.jpg;Meal
Etihad_Airways_Airbus_A380_4.jpg;Meal
Etihad_Airways_Boeing_787_900_0.jpg;Meal
Etihad_Airways_Boeing_787_900_V2_0.jpg;Meal
Eva_Airways_Boeing_777-300ER_v3_1.jpg;Meal
Garuda_Indonesia_Airbus_A330-300_0.jpg;Meal
Gulf_Air_Airbus_A320_2.jpg;Meal
Gulf_Air_Airbus_A320_3.jpg;Meal
Gulf_Air_Airbus_A320_4.jpg;Meal
Hainan_Airlines_Airbus_A330-200_1.jpg;Meal
Hainan_Airlines_Airbus_A330-200_2.jpg;Meal
Hong_Kong_Airlines_Airbus_A330-200_V2_0.jpg;Meal
Iberia_Airbus_A319_3.jpg;Meal
Iberia_Airbus_A340-600_V2_2.jpg;Meal
Iberia_Airbus_A340-600_V2_3.jpg;Meal
Japan_Airlines_787-800_B_0.jpg;Meal
Japan_Airlines_787-900_0.jpg;Meal
Japan_Airlines_Boeing_767-300ER_4.jpg;Meal
Japan_Airlines_Boeing_767-300ER_V2_1.jpg;Meal
Japan_Airlines_Boeing_777-200_0.jpg;Meal
Japan_Airlines_Boeing_777-300ER_B_0.jpg;Meal
Jetblue_Airways_Airbus_A321_transcon_2.jpg;Meal
Jetblue_Airways_Airbus_A321_transcon_3.jpg;Meal
Kenya_Airways_Embraer_E190_2.jpg;Meal
KLM_Airbus_A330-200_3.jpg;Meal
KLM_Airbus_A330-200_4.jpg;Meal
KLM_Boeing_737-700_0.jpg;Meal
KLM_Boeing_737-800_0.jpg;Meal
KLM_Boeing_737-800_1.jpg;Meal
KLM_Boeing_737-800_3.jpg;Meal
KLM_Boeing_747-400_combi_B_2.jpg;Meal
KLM_Boeing_777-200ER_0.jpg;Meal
KLM_Boeing_787-900_0.jpg;Meal
Korean_Air_Airbus_A380-800_1.jpg;Meal
Korean_Air_Airbus_A380-800_2.jpg;Meal
Korean_Air_Airbus_A380-800_3.jpg;Meal
Korean_Air_Boeing_747-400_C_1.jpg;Meal
Korean_Air_Boeing_777-300ER_0.jpg;Meal
LAN_Airlines_Boeing_787-900_1.jpg;Meal
LAN_Airlines_Boeing_787-900_2.jpg;Meal
Lufthansa_Airbus_A340-600_C_2.jpg;Meal
Lufthansa_Airbus_A350-900_2.jpg;Meal
Lufthansa_Airbus_A380_V3_1.jpg;Meal
Malaysia_Airlines_Airbus_A330-300_V2_4.jpg;Meal
Malaysia_Airlines_Airbus_A330-300_V3_2.jpg;Meal
Malaysia_Airlines_Boeing_737-800-ML_2.jpg;Meal
Malaysia_Airlines_Boeing_737-800-MX_3.jpg;Meal
Malaysia_Airlines_Boeing_737-800-MX_4.jpg;Meal
Nok_Air_Boeing_737-800_1.jpg;Meal
Qantas_Airways_Boeing_789_1.jpg;Meal
Qatar_Airways_Airbus_A330-200_C_1.jpg;Meal
Qatar_Airways_Airbus_A330-200_C_3.jpg;Meal
Qatar_Airways_Airbus_A330-200_C_4.jpg;Meal
Qatar_Airways_Airbus_A330-200_D_3.jpg;Meal
Qatar_Airways_Boeing_777-200LR_0.jpg;Meal
Qatar_Airways_Boeing_777-200LR_1.jpg;Meal
Qatar_Airways_Boeing_777-200LR_2.jpg;Meal
Qatar_Airways_Boeing_777-200LR_3.jpg;Meal
Qatar_Airways_Boeing_777-300ER_Qsuite_1.jpg;Meal
Qatar_Airways_Boeing_777-300ER_Qsuite_3.jpg;Meal
Qatar_Airways_Boeing_777-300ER_Qsuite_4.jpg;Meal
Qatar_Airways_Boeing_787-8_2.jpg;Meal
Qatar_Airways_Boeing_787-8_3.jpg;Meal
SAS_Airlines_Airbus_A330_B_1.jpg;Meal
SAS_Airlines_Boeing_737-700_3.jpg;Meal
SEATGURU_Meal.csv;Meal
Singapore_Air_Boeing_777-300_B_3.jpg;Meal
Singapore_Air_Boeing_777-300_B_4.jpg;Meal
Singapore_Air_Boeing_777-300_ER_V1_new_1.jpg;Meal
Swiss_Airlines_A319_2.jpg;Meal
Swiss_Airlines_A340-300_B_0.jpg;Meal
TAM_Airlines_Boeing_767-300ER_4.jpg;Meal
TAM_Airlines_Boeing_777-300_V3_2.jpg;Meal
TAP_Portugal_Airbus_A321_2.jpg;Meal
Thai_Airways_Airbus_A330-300_V2_2.jpg;Meal
Thai_Airways_Boeing_777-200ER_1.jpg;Meal
Thai_Airways_Boeing_777-200_772_4.jpg;Meal
Thai_Smile_A320_new_0.jpg;Meal
Thai_Smile_A320_new_4.jpg;Meal
Turkish_Airlines_Airbus_A320_2.jpg;Meal
United_Airlines_Airbus_A320_V3_4.jpg;Meal
United_Airlines_Boeing_737-700_A_1.jpg;Meal
United_Airlines_Boeing_737-700_A_2.jpg;Meal
United_Airlines_Boeing_737-700_A_3.jpg;Meal
United_Airlines_Boeing_737-700_A_4.jpg;Meal
United_Airlines_Boeing_737-700_B_1.jpg;Meal
United_Airlines_Boeing_757-200_C_new_1.jpg;Meal
United_Airlines_Boeing_757-200_C_new_4.jpg;Meal
United_Airlines_Boeing_767-300_B_4.jpg;Meal
United_Airlines_Boeing_777-200_3_New_3.jpg;Meal
United_Airlines_Boeing_777-200_6_4.jpg;Meal
United_Airlines_Boeing_787-900_0.jpg;Meal
United_Airlines_Embraer_EMB-170_2.jpg;Meal
Virgin_Atlantic_Airways_Airbus_A330-300_3C_0.jpg;Meal
Virgin_Atlantic_Airways_Airbus_A330-300_3C_1.jpg;Meal
Virgin_Atlantic_Airways_Airbus_A346_2_2.jpg;Meal
Virgin_Australia_Boeing_737-800_Business_0.jpg;Meal
Virgin_Australia_Boeing_737-800_Business_1.jpg;Meal
