Picture name;View
Aegean_Airlines_Bombardier_Dash_8_Q400_0.jpg;Ext-Int
Aer_Lingus_Airbus_A320_1.jpg;Ext-Int
Aer_Lingus_Airbus_A320_2.jpg;Ext-Int
Aeroflot_Russian_Airlines_Airbus_330_200_1.jpg;Ext-Int
Aeroflot_Russian_Airlines_Boeing_777-300ER_2.jpg;Ext-Int
Aeroflot_Russian_Airlines_Boeing_777-300ER_4.jpg;Ext-Int
Aeroflot_Russian_Airlines_Sukhoi_Superjet_100-95B_2.jpg;Ext-Int
Aerolineas_Argentinas_Boeing_737-700_2.jpg;Ext-Int
Aerolineas_Argentinas_Boeing_737-800_0.jpg;Ext-Int
AeroMexico_Boeing_737-700_V2_2.jpg;Ext-Int
AeroMexico_Boeing_737-700_V2_4.jpg;Ext-Int
AeroMexico_Embraer_ERJ-190_2.jpg;Ext-Int
Air_Canada_Airbus_A320_B_1.jpg;Ext-Int
Air_Canada_Beech_1900D_2.jpg;Ext-Int
Air_Canada_Canadair_CRJ_2.jpg;Ext-Int
Air_Canada_Canadair_CRJ_705_3.jpg;Ext-Int
Air_Canada_Canadair_CRJ_705_4.jpg;Ext-Int
Air_Canada_Dash_81_1.jpg;Ext-Int
Air_Canada_Dash_83_2.jpg;Ext-Int
Air_Canada_Embraer_190_0.jpg;Ext-Int
Air_China_Airbus_A330-300_B_4.jpg;Ext-Int
Air_China_Boeing_737-800_0.jpg;Ext-Int
Air_China_Boeing_747-8_0.jpg;Ext-Int
Air_China_Boeing_747-8_1.jpg;Ext-Int
Air_China_Boeing_747-8_2.jpg;Ext-Int
Air_China_Boeing_777-200_B_0.jpg;Ext-Int
Air_France_Airbus_A318_A_0.jpg;Ext-Int
Air_France_Airbus_A318_A_1.jpg;Ext-Int
Air_France_Airbus_A330-200_International_Long_Haul_3.jpg;Ext-Int
Air_France_Avro_RJ85_1.jpg;Ext-Int
Air_France_Avro_RJ85_4.jpg;Ext-Int
Air_France_Boeing_777-300_D_3.jpg;Ext-Int
Air_France_Boeing_777-300_E_3.jpg;Ext-Int
Air_France_Boeing_777-300_E_4.jpg;Ext-Int
Air_New_Zealand_Aerospatiale_ATR72_0.jpg;Ext-Int
Air_New_Zealand_Airbus_A320_0.jpg;Ext-Int
Air_New_Zealand_Airbus_A320D_1.jpg;Ext-Int
Air_New_Zealand_Boeing_777-200_NL_0.jpg;Ext-Int
Air_New_Zealand_Boeing_787-9_2.jpg;Ext-Int
Air_New_Zealand_Q300_0.jpg;Ext-Int
Air_New_Zealand_Q300_4.jpg;Ext-Int
Air_Tahiti_Nui_Airbus_A340-300_3.jpg;Ext-Int
Air_Transat_Airbus_A310-300_1.jpg;Ext-Int
AirAsia_X_Airbus_A330-300_2.jpg;Ext-Int
Alaska_Airlines_Boeing_737-700_4.jpg;Ext-Int
Alaska_Airlines_Boeing_737-800_E_0.jpg;Ext-Int
Alaska_Airlines_Boeing_737-900_C_new_4.jpg;Ext-Int
Alaska_Airlines_Canadair_CRJ700_0.jpg;Ext-Int
Alaska_Airlines_Canadair_CRJ700_2.jpg;Ext-Int
Alaska_Airlines_Canadair_CRJ700_3.jpg;Ext-Int
Alaska_Airlines_Q400_2.jpg;Ext-Int
Alaska_Airlines_Q400_3.jpg;Ext-Int
Alitalia_Airlines_Airbus_A321_B_new_4.jpg;Ext-Int
Alitalia_Airlines_Airbus_A330_200_1.jpg;Ext-Int
American_Airlines_Dash_83_0.jpg;Ext-Int
American_Airlines_Embraer_EMB-175_2.jpg;Ext-Int
American_Airlines_Embraer_EMB-190_0.jpg;Ext-Int
ANA_Boeing_787-800_C_1.jpg;Ext-Int
ANA_Boeing_787-900_4.jpg;Ext-Int
Asiana_Boeing_747-400_full_0.jpg;Ext-Int
Asiana_Boeing_777-200_ER_B_1.jpg;Ext-Int
Austrian_Airlines_Airbus_A321_1.jpg;Ext-Int
Austrian_Airlines_Airbus_A321_3.jpg;Ext-Int
Austrian_Airlines_Q400_1.jpg;Ext-Int
Austrian_Airlines_Q400_2.jpg;Ext-Int
Austrian_Airlines_Q400_3.jpg;Ext-Int
Azul_Airlines_Airbus_A330-200_0.jpg;Ext-Int
Azul_Airlines_Embraer_190_0.jpg;Ext-Int
Bangkok_Airways_Airbus_A319_3.jpg;Ext-Int
Bangkok_Airways_Airbus_A319_V2_0.jpg;Ext-Int
Bangkok_Airways_Airbus_A320_2.jpg;Ext-Int
Bangkok_Airways_ATR_72-500_0.jpg;Ext-Int
British_Airways_Boeing_777-200B_2_3.jpg;Ext-Int
British_Airways_Embraer_170_A_0.jpg;Ext-Int
British_Airways_Embraer_190_B_1.jpg;Ext-Int
British_Airways_Embraer_190_B_2.jpg;Ext-Int
Brussels_Airlines_Airbus_A320_0.jpg;Ext-Int
Brussels_Airlines_Airbus_A320_V2_0.jpg;Ext-Int
Brussels_Airlines_Airbus_A320_V2_1.jpg;Ext-Int
Brussels_Airlines_Airbus_A330_300_0.jpg;Ext-Int
Brussels_Airlines_Airbus_A330_300_4.jpg;Ext-Int
Cathay_Pacific_Airbus_A350-900_0.jpg;Ext-Int
Cathay_Pacific_Airbus_A350-900_1.jpg;Ext-Int
China_Airlines_Boeing_747-400_B_1.jpg;Ext-Int
China_Airlines_Boeing_747-400_B_2.jpg;Ext-Int
China_Eastern_Airbus_A330-200_0.jpg;Ext-Int
China_Eastern_Boeing_777_300ER_2.jpg;Ext-Int
China_Eastern_Boeing_777_300ER_3.jpg;Ext-Int
China_Southern_Airbus_A330-200_0.jpg;Ext-Int
China_Southern_Airbus_A330-300B_0.jpg;Ext-Int
China_Southern_Boeing_787_0.jpg;Ext-Int
Condor_Flugdienst_Boeing_757-300_1.jpg;Ext-Int
Copa_Airlines_Boeing_737-800_C_3.jpg;Ext-Int
Copa_Airlines_Boeing_737-800_C_4.jpg;Ext-Int
Copa_Airlines_Embraer_190_AR_A_3.jpg;Ext-Int
Delta_Airlines_Airbus_A330_200_3L2_new_0.jpg;Ext-Int
Delta_Airlines_Airbus_A330_200_3L2_new_3.jpg;Ext-Int
Delta_Airlines_Boeing_757-200_4.jpg;Ext-Int
Delta_Airlines_Boeing_757-200_75S_1.jpg;Ext-Int
Delta_Airlines_MD-88_2_2.jpg;Ext-Int
easyJet_Airlines_Airbus_A319_2.jpg;Ext-Int
easyJet_Airlines_Airbus_A319_3.jpg;Ext-Int
easyJet_Airlines_Airbus_A319_4.jpg;Ext-Int
EasyJet_Airlines_Airbus_A320_1.jpg;Ext-Int
EasyJet_Airlines_Airbus_A320_4.jpg;Ext-Int
El_Al_Boeing_737-800_1.jpg;Ext-Int
EL_AL_Boeing_787-9_0.jpg;Ext-Int
Emirates_Airlines_Airbus_A380_B_3.jpg;Ext-Int
Emirates_Airlines_Airbus_A380_B_4.jpg;Ext-Int
Emirates_Airlines_Boeing_777-200_LR_3class_3.jpg;Ext-Int
Etihad_Airways_Airbus_A330-300_4.jpg;Ext-Int
Eva_Airways_Airbus_A330-200_0.jpg;Ext-Int
Eva_Airways_Airbus_A330-300_1.jpg;Ext-Int
Eva_Airways_Boeing_777-300ER_1.jpg;Ext-Int
Fiji_Airways_Airbus_A330-200_0.jpg;Ext-Int
Fiji_Airways_Airbus_A330-200_4.jpg;Ext-Int
Finnair_Airbus_A320_4.jpg;Ext-Int
Finnair_Airbus_A321_0.jpg;Ext-Int
Finnair_Airbus_A350-900_4.jpg;Ext-Int
Garuda_Indonesia_ATR_72-600_0.jpg;Ext-Int
Germanwings_Airbus_A320_0.jpg;Ext-Int
GOL_Boeing_737-700_3.jpg;Ext-Int
Gulf_Air_Airbus_A320_0.jpg;Ext-Int
Gulf_Air_Boeing_787-9_0.jpg;Ext-Int
Iberia_Airbus_A320_Express_1.jpg;Ext-Int
Iberia_Canadair_CRJ1000_3.jpg;Ext-Int
Iberia_Canadair_CRJ1000_4.jpg;Ext-Int
Iberia_Canadair_CRJ200_0.jpg;Ext-Int
Iberia_Canadair_CRJ200_1.jpg;Ext-Int
Iberia_Canadair_CRJ200_4.jpg;Ext-Int
Iberia_Canadair_CRJ900_1.jpg;Ext-Int
Iberia_Canadair_CRJ900_2.jpg;Ext-Int
Iberia_Canadair_CRJ900_3.jpg;Ext-Int
Iberia_Canadair_CRJ900_4.jpg;Ext-Int
IndiGo_Airbus_A320_2.jpg;Ext-Int
Interjet_Airbus_A320_1.jpg;Ext-Int
Japan_Airlines_787-800_2.jpg;Ext-Int
Jet2_Boeing_737-800_0.jpg;Ext-Int
Jet2_Boeing_737-800_1.jpg;Ext-Int
KLM_Embraer_ERJ-190_3.jpg;Ext-Int
Korean_Air_Airbus_A330-200_3.jpg;Ext-Int
Korean_Air_Boeing_737-800_A_0.jpg;Ext-Int
Korean_Air_Boeing_737-900_0.jpg;Ext-Int
Korean_Air_Boeing_737-900_1.jpg;Ext-Int
Korean_Air_Boeing_747-400_1.jpg;Ext-Int
Korean_Air_Boeing_777-200ER_A_1.jpg;Ext-Int
Korean_Air_Boeing_777-200ER_A_2.jpg;Ext-Int
Korean_Air_Boeing_777-200ER_V2_2.jpg;Ext-Int
Korean_Air_Boeing_777-300ER_3.jpg;Ext-Int
Korean_Air_Boeing_777-300ER_4.jpg;Ext-Int
LAN_Airlines_Airbus_A319_V2_1.jpg;Ext-Int
LAN_Airlines_Airbus_A320_4.jpg;Ext-Int
LAN_Airlines_Boeing_767-300_4.jpg;Ext-Int
LAN_Airlines_Boeing_787-900_0.jpg;Ext-Int
LOT_Polish_Airlines_Boeing_737-400_3.jpg;Ext-Int
LOT_Polish_Airlines_Embraer_ERJ-175_0.jpg;Ext-Int
Lufthansa_Airbus_A320neo_1.jpg;Ext-Int
Lufthansa_Airbus_A330-300_C_3.jpg;Ext-Int
Lufthansa_Airbus_A340-300_F_new_2.jpg;Ext-Int
Lufthansa_Airbus_A340-300_V3_0.jpg;Ext-Int
Lufthansa_Airbus_A340-600_D_0.jpg;Ext-Int
Lufthansa_Airbus_A380_V3_2.jpg;Ext-Int
Lufthansa_Boeing_747_8_V3_4.jpg;Ext-Int
Nok_Air_Boeing_737-800_4.jpg;Ext-Int
Philippine_Airlines_Boeing_777-300ER_0.jpg;Ext-Int
Philippine_Airlines_Boeing_777-300ER_3.jpg;Ext-Int
Porter_Airlines_Q400_0.jpg;Ext-Int
Porter_Airlines_Q400_2.jpg;Ext-Int
Qantas_Airways_Boeing_717-200_V3_0.jpg;Ext-Int
Qantas_Airways_Dash_8300_0.jpg;Ext-Int
Qantas_Airways_Q400_0.jpg;Ext-Int
Qantas_Airways_Q400_2.jpg;Ext-Int
Qatar_Airways_Airbus_A380_1.jpg;Ext-Int
Qatar_Airways_Airbus_A380_2.jpg;Ext-Int
Qatar_Airways_Boeing_787-8_1.jpg;Ext-Int
Royal_Jordanian_Boeing_787-8_3.jpg;Ext-Int
SAS_Airlines_Airbus_A320_1.jpg;Ext-Int
SAS_Airlines_Airbus_A321_2.jpg;Ext-Int
SAS_Airlines_Airbus_A321_3.jpg;Ext-Int
SAS_Airlines_Airbus_A330_B_4.jpg;Ext-Int
SAS_Airlines_Airbus_A340_2.jpg;Ext-Int
SAS_Airlines_Boeing_737-600_B_3.jpg;Ext-Int
SAS_Airlines_Boeing_737-600_B_4.jpg;Ext-Int
SAS_Airlines_Boeing_737-700_0.jpg;Ext-Int
SAS_Airlines_Boeing_737-800_0.jpg;Ext-Int
SAS_Airlines_Boeing_737-800_3.jpg;Ext-Int
SAS_Airlines_Canadair_CRJ900_4.jpg;Ext-Int
Saudia_Boeing_787-9_4.jpg;Ext-Int
Saudia_Embraer_170_0.jpg;Ext-Int
Saudia_Embraer_170_1.jpg;Ext-Int
Saudia_Embraer_170_3.jpg;Ext-Int
Singapore_Air_Airbus_A330-300_2.jpg;Ext-Int
Singapore_Air_Airbus_A380_C_0.jpg;Ext-Int
Singapore_Air_Airbus_A380_C_1.jpg;Ext-Int
Singapore_Air_Boeing_777-300_B_0.jpg;Ext-Int
South_African_Airways_Airbus_A340-600_1.jpg;Ext-Int
South_African_Airways_Airbus_A340-600_2.jpg;Ext-Int
South_African_Airways_Airbus_A340-600_3.jpg;Ext-Int
South_African_Airways_Airbus_A340-600_4.jpg;Ext-Int
South_African_Airways_Boeing_737_800_1.jpg;Ext-Int
South_African_Airways_Boeing_737_800_2.jpg;Ext-Int
SpiceJet_Boeing_737-800_new_0.jpg;Ext-Int
SpiceJet_Boeing_737-800_new_3.jpg;Ext-Int
TAM_Airlines_Airbus_A320_B_4.jpg;Ext-Int
TAP_Portugal_Airbus_A320_4.jpg;Ext-Int
Thai_Airways_Airbus_A380_new_1.jpg;Ext-Int
Thai_Airways_Boeing_747-400_7442_2.jpg;Ext-Int
Thai_Airways_Boeing_777-200_772_3.jpg;Ext-Int
Thai_Airways_Boeing_787-9_0.jpg;Ext-Int
Thomas_Cook_Airlines_Airbus_A321_0.jpg;Ext-Int
Thomas_Cook_Airlines_Airbus_A330-200_V2_0.jpg;Ext-Int
Thomas_Cook_Airlines_Boeing_757-200_B_0.jpg;Ext-Int
Thomson_Airways_Boeing_737-800_3.jpg;Ext-Int
Thomson_Airways_Boeing_757-200_1.jpg;Ext-Int
Thomson_Airways_Boeing_787-8_3.jpg;Ext-Int
Thomson_Airways_Boeing_787-8_4.jpg;Ext-Int
TUIfly_Boeing_737-800_3.jpg;Ext-Int
TUIfly_Boeing_737-800_4.jpg;Ext-Int
Turkish_Airlines_Airbus_A319_1.jpg;Ext-Int
Turkish_Airlines_Airbus_A320_0.jpg;Ext-Int
Turkish_Airlines_Airbus_A320_4.jpg;Ext-Int
Turkish_Airlines_Airbus_A321_C_new_0.jpg;Ext-Int
Turkish_Airlines_Airbus_A321_C_new_2.jpg;Ext-Int
Turkish_Airlines_Airbus_A330_3.jpg;Ext-Int
Turkish_Airlines_Airbus_A340_0.jpg;Ext-Int
Turkish_Airlines_Boeing_737-700_B_1.jpg;Ext-Int
Turkish_Airlines_Boeing_737-700_B_2.jpg;Ext-Int
Turkish_Airlines_Boeing_737-800_A_0.jpg;Ext-Int
Turkish_Airlines_Boeing_737-800_B_3.jpg;Ext-Int
United_Airlines_Boeing_737-700_A_0.jpg;Ext-Int
United_Airlines_Boeing_737-900_E_4.jpg;Ext-Int
United_Airlines_Boeing_737_MAX_9_3.jpg;Ext-Int
United_Airlines_Boeing_767_400_ER_3.jpg;Ext-Int
United_Airlines_Boeing_787-800_0.jpg;Ext-Int
United_Airlines_Boeing_787-800_3.jpg;Ext-Int
United_Airlines_Bombardier_CRJ200_0.jpg;Ext-Int
United_Airlines_Bombardier_CRJ200_4.jpg;Ext-Int
United_Airlines_Bombardier_Q300_3.jpg;Ext-Int
United_Airlines_Bombardier_Q300_4.jpg;Ext-Int
United_Airlines_Embraer_EMB-120_1.jpg;Ext-Int
United_Airlines_Embraer_EMB-120_2.jpg;Ext-Int
United_Airlines_Embraer_EMB-120_4.jpg;Ext-Int
United_Airlines_Embraer_ERJ-145_B_2.jpg;Ext-Int
United_Airlines_Embraer_ERJ-145_B_3.jpg;Ext-Int
United_Airlines_Q200_4.jpg;Ext-Int
United_Airlines_Q400_A_2.jpg;Ext-Int
United_Airlines_Q400_A_3.jpg;Ext-Int
United_Airlines_Q400_A_4.jpg;Ext-Int
United_Airlines_Q400_C_0.jpg;Ext-Int
United_Airlines_SAAB_340_0.jpg;Ext-Int
United_Airlines_SAAB_340_1.jpg;Ext-Int
United_Airlines_SAAB_340_2.jpg;Ext-Int
United_Airlines_SAAB_340_3.jpg;Ext-Int
Virgin_Australia_ATR_72-500_0.jpg;Ext-Int
Virgin_Australia_Boeing_737-800_Business_4.jpg;Ext-Int
Volaris_Airlines_Airbus_A319_1.jpg;Ext-Int
Westjet_Boeing_737-700_0.jpg;Ext-Int
Westjet_Bombardier_Q400_0.jpg;Ext-Int
Wizz_Air_Airbus_A320_3.jpg;Ext-Int
